loyalty_card,rata_rata_gaji
Aurora,60590.9367162438
Nova,60258.176688414744
Star,57745.24420583999
